title,type,number_of_episodes,genres,popularity,actress,SumOfTime,Dates,TMBDid,Release Date
Shooter,series,17,"['Action & Adventure', 'War & Politics', 'Drama']",83.17,"['Ryan Phillippe', 'Shantel VanSanten', 'Cynthia Addai-Robinson', 'Omar Epps', 'Lexy Kolker', 'Jesse Bradford']",,"['4/5/23', '4/4/23', '4/4/23', '4/4/23', '4/4/23', '4/3/23', '3/30/23', '3/30/23', '3/30/23', '3/29/23', '3/29/23', '3/29/23', '3/28/23', '3/28/23', '3/28/23', '3/27/23', '3/27/23']",66857.0,2016-11-15
Shooter,film,1,"['Action', 'Drama', 'Mystery', 'Thriller', 'Crime']",45.227,"['Mark Wahlberg', 'Michael Peña', 'Danny Glover', 'Kate Mara', 'Elias Koteas', 'Rhona Mitra', 'Jonathan Walker', 'Louis Ferreira', 'Tate Donovan', 'Rade Šerbedžija']",,['3/26/23'],7485.0,2007-03-22
365 Days,film,1,"['Romance', 'Drama']",168.398,"['Anna-Maria Sieklucka', 'Michele Morrone', 'Simone Susinna', 'Magdalena Lamparska', 'Otar Saralidze', 'Ewa Kasprzyk', 'Dariusz Jakubowski', 'Ramón Langa', 'Tomasz Mandes', 'Natalia Siwiec']",,['2/12/23'],829560.0,2022-08-19
Good Will Hunting,film,1,['Drama'],90.125,"['Matt Damon', 'Robin Williams', 'Ben Affleck', 'Stellan Skarsgård', 'Minnie Driver', 'Casey Affleck', 'Cole Hauser', 'Vik Sahay', 'John Mighton', 'Rachel Majorowski']",,['12/14/22'],489.0,1997-12-05
Death Note,film,1,"['TV Movie', 'Crime', 'Drama', 'Fantasy', 'Thriller', 'Animation']",28.679,"['Keiji Fujiwara', 'Aya Hirano', 'Hideo Ishikawa', 'Takuya Kirimoto', 'Hidenobu Kiuchi', 'Kiyoshi Kobayashi', 'Naoko Matsui', 'Mamoru Miyano', 'Miki Nagasawa', 'Ryou Naitou']",,['10/29/22'],51482.0,2007-08-31
The Redeem Team,film,1,['Documentary'],35.501,"['Kobe Bryant', 'LeBron James', 'Carmelo Anthony', 'Dwyane Wade', 'Mike Krzyzewski', 'Chris Bosh', 'Carlos Boozer', 'Chris Paul', 'Dwight Howard', 'Doug Collins']",,['10/21/22'],1018648.0,2022-10-07
Twilight,film,1,"['Fantasy', 'Drama', 'Romance']",99.232,"['Kristen Stewart', 'Robert Pattinson', 'Billy Burke', 'Peter Facinelli', 'Elizabeth Reaser', 'Cam Gigandet', 'Ashley Greene', 'Anna Kendrick', 'Nikki Reed', 'Taylor Lautner']",,['8/18/22'],8966.0,2008-11-20
The Tinder Swindler,film,1,"['Documentary', 'Crime']",17.13,"['Shimon Yehuda Hayut', 'Cecilie Fjellhøy', 'Pernilla Sjöholm', 'Ayleen Charlotte', 'Kristoffer Kumar', 'Erlend Ofte Arntsen', 'Natalie Remøe Hansen']",,['8/18/22'],923632.0,2022-02-02
Jackass 4.5,film,1,"['Comedy', 'Action', 'Documentary']",20.25,"['Johnny Knoxville', 'Steve-O', 'Chris Pontius', 'Dave England', 'Ehren McGhehey', 'Jason Acuña', 'Preston Lacy', 'Zach Holmes', 'Sean «Poopies» McInerney', 'Jasper Dolphin']",,['8/18/22'],828853.0,2022-05-20
Inside the Mind of a Cat,film,1,['Documentary'],28.274,"['Yuki Hattori', 'Maryna Savitska', 'Svitlana Savytska', 'Wailani Sung', 'Kristin Vitale']",,['8/18/22'],1003180.0,2022-08-18
Scary Movie,film,1,['Comedy'],81.95,"['Anna Faris', 'Jon Abrahams', 'Marlon Wayans', 'Shawn Wayans', 'Regina Hall', 'Shannon Elizabeth', 'Cheri Oteri', 'Carmen Electra', 'Tanja Reichert', 'Lochlyn Munro']",,['8/18/22'],4247.0,2000-07-07
Barbie and the Magic of Pegasus,film,1,"['Animation', 'Family', 'Romance']",32.151,"['Kelly Sheridan', 'Kathleen Barr', 'Lalainia Lindbjerg', 'Colin Murdock', 'Mark Hildreth', 'Brian Drummond', 'Russell Roberts', 'John DeSantis', 'Chantal Strand', 'Andrea Libman']",,['8/16/22'],15906.0,2005-10-04
The Conjuring,film,1,"['Horror', 'Thriller']",99.456,"['Patrick Wilson', 'Vera Farmiga', 'Lili Taylor', 'Ron Livingston', 'Mackenzie Foy', 'Joey King', 'Shannon Kook', 'John Brotherton', 'Hayley McFarland', 'Shanley Caswell']",,['8/15/22'],138843.0,2013-07-18
Hustle,film,1,"['Drama', 'Comedy']",60.216,"['Adam Sandler', 'Queen Latifah', 'Juancho Hernangómez', 'Ben Foster', 'Kenny Smith', 'Anthony Edwards', 'Robert Duvall', 'Jordan Hull', 'María Botto', 'Ainhoa Pillet']",,['6/28/22'],705861.0,2022-06-03
Interceptor,film,1,"['Action', 'Thriller', 'Adventure']",39.213,"['Elsa Pataky', 'Luke Bracey', 'Aaron Glenane', 'Belinda Jombwe', 'Mayen Mehta', 'Paul Caesar', 'Marcus Johnson', 'Rhys Muldoon', 'Colin Friels', 'Zoe Carides']",,['6/7/22'],831946.0,2022-05-26
Gierek,film,1,['Drama'],2.975,"['Michał Koterski', 'Małgorzata Kożuchowska', 'Antoni Pawlicki', 'Sebastian Stankiewicz', 'Rafał Zawierucha', 'Agnieszka Więdłocha', 'Ewa Ziętek', 'Jan Frycz', 'Krzysztof Tyniec', 'Mikołaj Roznerski']",,['5/22/22'],879837.0,2022-01-28
Along for the Ride,film,1,"['Romance', 'Drama']",22.758,"['Emma Pasarow', 'Belmont Cameli', 'Kate Bosworth', 'Andie MacDowell', 'Laura Kariuki', 'Dermot Mulroney', 'Genevieve Hannelius', 'Samia Finnerty', 'Paul Karmiryan', 'Marcus Scribner']",,['5/8/22'],778106.0,2022-05-06
Furioza,film,1,"['Drama', 'Action', 'Crime']",11.447,"['Mateusz Banasiuk', 'Weronika Książkiewicz', 'Mateusz Damięcki', 'Łukasz Simlat', 'Wojciech Zieliński', 'Szymon Bobrowski', 'Janusz Chabior', 'Sebastian Stankiewicz', 'Konrad Eleryk', 'Paulina Gałązka']",,['4/6/22'],866678.0,2021-10-22
How I Fell in Love with a Gangster,film,1,"['Crime', 'Drama']",12.97,"['Tomasz Włosok', 'Aleks Kurdzielewicz', 'Antoni Królikowski', 'Agnieszka Grochowska', 'Magdalena Lamparska', 'Krystyna Janda', 'Klaudiusz Kaufmann', 'Eryk Lubos', 'Sebastian Fabijański', 'Julia Wieniawa-Narkiewicz']",,['2/21/22'],809972.0,2022-01-05
Don't Look Up,film,1,"['Science Fiction', 'Comedy', 'Drama']",32.693,"['Jennifer Lawrence', 'Leonardo DiCaprio', 'Meryl Streep', 'Rob Morgan', 'Jonah Hill', 'Cate Blanchett', 'Mark Rylance', 'Tyler Perry', 'Timothée Chalamet', 'Ron Perlman']",,['1/8/22'],646380.0,2021-12-07
The Unforgivable,film,1,"['Drama', 'Crime']",20.932,"['Sandra Bullock', 'Viola Davis', ""Vincent D'Onofrio"", 'Jon Bernthal', 'Richard Thomas', 'Linda Emond', 'Aisling Franciosi', 'Emma Nelson', 'Will Pullen', 'Tom Guiry']",,['12/19/21'],645886.0,2021-11-24
Red Notice,film,1,"['Action', 'Comedy', 'Crime', 'Thriller']",99.656,"['Dwayne Johnson', 'Ryan Reynolds', 'Gal Gadot', 'Ritu Arya', 'Chris Diamantopoulos', 'Ivan Mbakop', 'Vincenzo Amato', 'Rafael Petardi', 'Seth Michaels', 'Sebastien Large']",,['11/27/21'],512195.0,2021-11-04
Operation Hyacinth,film,1,['Thriller'],11.043,"['Tomasz Zietek', 'Hubert Miłkowski', 'Adrianna Chlebicka', 'Tomasz Schuchardt', 'Marek Kalita', 'Mirosław Zbrojewicz', 'Sebastian Stankiewicz', 'Piotr Trojan', 'Jacek Poniedziałek', 'Agnieszka Suchora']",,['10/15/21'],809970.0,2021-08-18
The Life Ahead,film,1,['Drama'],8.607,"['Sophia Loren', 'Ibrahima Gueye', 'Renato Carpentieri', 'Diego Iosif Pirvu', 'Massimiliano Rossi', 'Abril Zamora', 'Babak Karimi', 'Malich Cissé', 'Simone Surico', 'Nicola Valenzano']",,['8/23/21'],667869.0,2020-11-03
Richard Jewell,film,1,"['Drama', 'History', 'Crime']",17.147,"['Paul Walter Hauser', 'Jon Hamm', 'Kathy Bates', 'Sam Rockwell', 'Olivia Wilde', 'Nina Arianda', 'Ian Gomez', 'Wayne Duvall', 'Dylan Kussman', 'Mike Pniewski']",,['8/1/21'],292011.0,2019-12-13
The Matrix,film,1,"['Action', 'Science Fiction']",67.822,"['Keanu Reeves', 'Laurence Fishburne', 'Carrie-Anne Moss', 'Hugo Weaving', 'Joe Pantoliano', 'Marcus Chong', 'Anthony Ray Parker', 'Matt Doran', 'Gloria Foster', 'Belinda McClory']",,['7/10/21'],603.0,1999-03-30
Eli,film,1,['Horror'],18.081,"['Charlie Shotwell', 'Lili Taylor', 'Kelly Reilly', 'Max Martini', 'Sadie Sink', 'Deneen Tyler', 'Katia Gomez', 'Austin Foxx', 'Parker Lovein', 'Lou Beatty Jr.']",,['7/10/21'],483202.0,2019-10-18
Fanatyk,film,1,"['Drama', 'Comedy']",2.61,"['Piotr Cyrwus', 'Anna Radwan', 'Marian Dziędziel', 'Mikołaj Kubacki', 'Łukasz Szczepanowski', 'Sandra Staniszewska']",,['4/18/21'],494373.0,2017-12-24
Prime Time,film,1,"['Crime', 'Drama', 'Thriller']",2.224,"['Malin Crépin', 'Björn Kjellman', 'Leif Andrée', 'Kajsa Ernst', 'Erik Johansson', 'Felix Engström', 'Richard Ulfsäter', 'Moa Gammel', 'Josephine Bornebusch', 'Maria Kulle']",,['4/15/21'],118281.0,2012-07-04
The Trial of the Chicago 7,film,1,"['Drama', 'History']",16.955,"['Eddie Redmayne', 'Sacha Baron Cohen', 'Joseph Gordon-Levitt', 'Michael Keaton', 'Frank Langella', 'John Carroll Lynch', 'Mark Rylance', 'Alex Sharp', 'Yahya Abdul-Mateen II', 'Jeremy Strong']",,['4/5/21'],556984.0,2020-09-25
The Loop,film,1,['Horror'],3.842,"['Sarah Cadol', 'Nathan Meyer', 'Ben Hawkins']",,['3/1/21'],1122025.0,2023-05-11
News of the World,film,1,"['Drama', 'Western', 'Adventure', 'Action']",11.326,"['Tom Hanks', 'Helena Zengel', 'Michael Angelo Covino', 'Ray McKinnon', 'Mare Winningham', 'Elizabeth Marvel', 'Fred Hechinger', 'Bill Camp', 'Thomas Francis Murphy', 'Gabriel Ebert']",,['2/14/21'],581032.0,2020-12-25
All My Friends Are Dead,film,1,"['Comedy', 'Drama', 'Thriller']",8.173,"['Julia Wieniawa-Narkiewicz', 'Mateusz Więcławek', 'Adam Woronowicz', 'Monika Krzywkowska', 'Paulina Gałązka', 'Aleksandra Pisula', 'Adam Turczyk', 'Nikodem Rozbicki', 'Katarzyna Chojnacka', 'Konrad Zygadlo']",,['1/8/21'],780154.0,2020-12-28
Jackass 3,film,1,"['Comedy', 'Documentary', 'Action']",16.201,"['Johnny Knoxville', 'Bam Margera', 'Ryan Dunn', 'Steve-O', 'Chris Pontius', 'Jason Acuña', 'Preston Lacy', 'Ehren McGhehey', 'Dave England', 'Phil Margera']",,['12/21/20'],16290.0,2010-10-15
Coach Carter,film,1,"['Drama', 'History']",48.688,"['Samuel L. Jackson', 'Rob Brown', ""Robert Ri'chard"", 'Rick Gonzalez', 'Nana Gbewonyo', 'Antwon Tanner', 'Channing Tatum', 'Ashanti', 'Texas Battle', 'Lacey Beeman']",,['12/15/20'],7214.0,2005-01-14
Safe House,film,1,"['Action', 'Thriller']",29.138,"['Denzel Washington', 'Ryan Reynolds', 'Vera Farmiga', 'Brendan Gleeson', 'Sam Shepard', 'Rubén Blades', 'Nora Arnezeder', 'Robert Patrick', 'Liam Cunningham', 'Joel Kinnaman']",,['9/7/20'],59961.0,2012-02-08
Zenek,film,1,"['Music', 'Drama']",1.802,"['Krzysztof Czeczot', 'Magdalena Berus', 'Jakub Zając', 'Klara Bielawka', 'Karol Dziuba', 'Jan Frycz', 'Roman Gancarczyk', 'Agnieszka Suchora', 'Jędrzej Bigosiński', 'Olga Miłaszewska']",,['8/25/20'],669464.0,2020-02-14
Venom,film,1,"['Science Fiction', 'Action']",70.767,"['Tom Hardy', 'Michelle Williams', 'Riz Ahmed', 'Scott Haze', 'Reid Scott', 'Jenny Slate', 'Melora Walters', 'Woody Harrelson', 'Peggy Lu', 'Malcolm C. Murray']",,['7/9/20'],335983.0,2018-09-28
The Fighter,film,1,['Drama'],13.388,"['Mark Wahlberg', 'Christian Bale', 'Amy Adams', 'Melissa Leo', ""Mickey O'Keefe"", 'Jack McGee', 'Melissa McMeekin', 'Bianca Hunter', 'Erica McDermott', 'Jill Quigg']",,['6/21/20'],45317.0,2010-12-10
Extraction,film,1,"['Drama', 'Action', 'Thriller']",50.735,"['Chris Hemsworth', 'Rudhraksh Jaiswal', 'Randeep Hooda', 'Golshifteh Farahani', 'Pankaj Tripathi', 'David Harbour', 'Bryon Lerum', 'Ryder Lerum', 'Shivam Vichare', 'Piyush Khati']",,['5/2/20'],545609.0,2020-04-24
Bad Boy,film,1,"['Action', 'Crime']",1.532,"['Antoni Królikowski', 'Maciej Stuhr', 'Katarzyna Zawadzka', 'Andrzej Grabowski', 'Małgorzata Kożuchowska', 'Piotr Stramowski', 'Kamil Grosicki', 'Sławomir Peszko', 'Zbigniew Zamachowski', 'Zbigniew Kozłowski']",,['4/19/20'],674358.0,2020-02-21
Circle,film,1,"['Science Fiction', 'Mystery', 'Drama', 'Thriller', 'Horror']",14.148,"['Julie Benz', 'Carter Jenkins', 'Cesar Garcia', 'Mercy Malick', 'Lisa Pelikan', 'Molly Jackson', 'Sara Sanderson', 'Michael Nardelli', 'Lawrence Kao', 'Fay DeWitt']",,['3/29/20'],335866.0,2015-05-28
The Platform,film,1,"['Drama', 'Science Fiction', 'Thriller']",93.419,"['Iván Massagué', 'Antonia San Juan', 'Zorion Eguileor', 'Emilio Buale', 'Alexandra Masangkay', 'Zihara Llana', 'Mario Pardo', 'Algis Arlauskas', 'Txubio Fernández de Jáuregui', 'Eric Goode']",,['3/29/20'],619264.0,2019-11-08
Nobody Sleeps in the Woods Tonight,film,1,"['Horror', 'Thriller', 'Comedy']",33.024,"['Mateusz Więcławek', 'Julia Wieniawa-Narkiewicz', 'Zofia Wichłacz', 'Andrzej Grabowski', 'Wojciech Mecwaldowski', 'Izabela Dąbrowska', 'Sebastian Stankiewicz', 'Robert Wabich', 'Lech Dyblik', 'Pawel Krawczyk']",,['3/22/20'],871964.0,2021-10-27
Ultras,film,1,['Drama'],9.96,"['Aniello Arena', 'Ciro Nacca', 'Simone Borrelli', 'Daniele Vicorito', 'Salvatore Pelliccia', 'Antonia Truppo', 'Angelo Caianiello', 'Giuseppe Cirillo', 'Grimaldi Teodoro']",,['3/22/20'],668195.0,2020-03-09
World War Z,film,1,"['Action', 'Drama', 'Horror', 'Science Fiction', 'Thriller']",80.923,"['Brad Pitt', 'Mireille Enos', 'Daniella Kertesz', 'James Badge Dale', 'Ludi Boeken', 'Matthew Fox', 'Fana Mokoena', 'David Morse', 'Elyes Gabel', 'Sterling Jerins']",,['3/21/20'],72190.0,2013-06-20
6 Underground,film,1,"['Action', 'Comedy', 'Thriller']",36.826,"['Ryan Reynolds', 'Mélanie Laurent', 'Manuel Garcia-Rulfo', 'Ben Hardy', 'Adria Arjona', 'Dave Franco', 'Corey Hawkins', 'Lior Raz', 'Payman Maadi', 'Yuri Kolokolnikov']",,['3/21/20'],509967.0,2019-12-13
Spenser Confidential,film,1,"['Comedy', 'Action', 'Thriller']",20.527,"['Mark Wahlberg', 'Winston Duke', 'Alan Arkin', 'Iliza Shlesinger', 'Michael Gaston', 'Bokeem Woodbine', 'Marc Maron', 'James DuMont', 'Post Malone', 'Colleen Camp']",,['3/16/20'],581600.0,2020-03-06
The Purge,film,1,"['Science Fiction', 'Horror', 'Thriller']",39.073,"['Ethan Hawke', 'Lena Headey', 'Max Burkholder', 'Adelaide Kane', 'Edwin Hodge', 'Rhys Wakefield', 'Arija Bareikis', 'Tony Oller', 'Tom Yi', 'Chris Mulkey']",,['8/29/19'],158015.0,2013-05-31
The Good Place,series,50,"['Sci-Fi & Fantasy', 'Comedy']",43.453,"['Kristen Bell', 'Ted Danson', 'William Jackson Harper', 'Jameela Jamil', 'Manny Jacinto', ""D'Arcy Carden""]",,"['4/3/23', '4/3/23', '4/2/23', '4/2/23', '2/26/23', '2/26/23', '2/26/23', '2/22/23', '2/22/23', '2/21/23', '2/21/23', '2/21/23', '2/20/23', '2/20/23', '2/20/23', '2/20/23', '2/19/23', '2/18/23', '2/18/23', '2/18/23', '2/18/23', '2/17/23', '2/17/23', '1/6/23', '1/6/23', '1/2/23', '1/1/23', '1/1/23', '1/1/23', '1/1/23', '1/1/23', '1/1/23', '7/30/22', '7/25/22', '7/25/22', '7/23/22', '7/23/22', '7/23/22', '7/19/22', '3/8/22', '3/8/22', '3/8/22', '3/8/22', '3/8/22', '3/7/22', '3/7/22', '3/7/22', '2/19/22', '2/18/22', '2/13/22']",66573.0,2016-09-19
The Umbrella Academy,series,2,"['Action & Adventure', 'Sci-Fi & Fantasy', 'Drama']",85.028,"['Elliot Page', 'Tom Hopper', 'Emmy Raver-Lampman', 'Robert Sheehan', 'David Castañeda', 'Elliot Page', 'Aidan Gallagher', 'Justin H. Min', 'Ritu Arya', 'Colm Feore']",,"['3/26/23', '3/26/23']",75006.0,2019-02-15
The Disastrous Life of Saiki K.,series,3,"['Animation', 'Comedy', 'Sci-Fi & Fantasy']",34.296,"['Hiroshi Kamiya', 'Ai Kayano', 'Maaya Uchida', 'Yoshimasa Hosoya', 'Nobunaga Shimazaki', 'Yuki Kaji', 'Masaya Matsukaze', 'Daisuke Ono', 'Yukari Tamura', 'Haruka Tomatsu']",,"['3/24/23', '8/8/22', '7/14/22']",67676.0,2016-07-11
Formula 1,series,34,['Documentary'],32.335,['Zhou Guanyu'],,"['3/6/23', '3/1/23', '3/1/23', '2/26/23', '2/26/23', '2/24/23', '2/24/23', '3/21/22', '3/16/22', '3/16/22', '3/14/22', '3/14/22', '3/13/22', '3/13/22', '3/11/22', '3/11/22', '3/11/22', '12/12/21', '9/22/21', '9/22/21', '9/13/21', '9/13/21', '3/27/21', '3/26/21', '3/25/21', '3/24/21', '3/23/21', '3/22/21', '3/22/21', '3/22/21', '3/21/21', '3/21/21', '3/20/21', '3/20/21']",87083.0,2019-03-08
MINDHUNTER,series,2,"['Drama', 'Crime']",38.689,"['Jonathan Groff', 'Holt McCallany', 'Anna Torv', 'Stacey Roca']",,"['3/1/23', '2/8/23']",67744.0,2017-10-13
Too Hot to Handle,series,2,['Reality'],19.126,"['Brittan Byrd', 'Creed McKinnon', 'Dominique Defoe', 'James Pendergrass', 'Jawahir Khalifa', 'Kayla Richart', 'Nick Kici', 'Nigel Jones', 'Sebastian Melrose', 'Sophie Stonehouse']",,"['3/1/23', '12/30/22']",102085.0,2020-04-17
Big Mouth,series,47,"['Comedy', 'Animation']",49.795,"['Nick Kroll', 'John Mulaney', 'Jessi Klein', 'Jason Mantzoukas', 'Andrew Rannells', 'Maya Rudolph', 'Fred Armisen', 'Jordan Peele', 'Ayo Edebiri']",,"['2/22/23', '2/21/23', '2/21/23', '2/21/23', '2/21/23', '2/10/23', '2/10/23', '2/10/23', '2/10/23', '2/8/23', '2/8/23', '2/7/23', '2/6/23', '2/5/23', '2/5/23', '2/4/23', '2/2/23', '2/2/23', '2/2/23', '2/2/23', '1/28/23', '1/27/23', '1/15/23', '1/12/23', '1/11/23', '1/10/23', '1/10/23', '1/9/23', '1/9/23', '1/8/23', '1/7/23', '1/6/23', '1/6/23', '1/5/23', '1/5/23', '1/5/23', '1/3/23', '1/3/23', '1/3/23', '1/3/23', '1/3/23', '1/1/23', '12/31/22', '12/31/22', '12/31/22', '12/30/22', '12/30/22']",74204.0,2017-09-29
One of Us Is Lying,series,3,"['Drama', 'Mystery']",34.71,"['Annalisa Cochrane', 'Chibuikem Uche', 'Marianly Tejada', 'Cooper van Grootel', 'Jessica McLeod', 'Melissa Collazo', 'Sara Thompson', 'Alimi Ballard']",,"['2/11/23', '2/10/23', '2/10/23']",118958.0,2021-10-07
Kuroko's Basketball,series,79,"['Animation', 'Comedy']",58.514,"['Kensho Ono', 'Yuki Ono', 'Junichi Suwabe', 'Daisuke Ono', 'Hiroshi Kamiya', 'Kenichi Suzumura', 'Ryohei Kimura', 'Soichiro Hoshi', 'Yoshimasa Hosoya', 'Shin-ichiro Miki']",,"['1/1/23', '12/17/22', '12/8/22', '12/7/22', '12/7/22', '12/7/22', '12/6/22', '12/2/22', '12/2/22', '11/30/22', '11/30/22', '11/30/22', '11/29/22', '11/28/22', '11/28/22', '11/28/22', '11/28/22', '11/27/22', '11/27/22', '11/27/22', '11/27/22', '11/24/22', '11/23/22', '11/23/22', '11/23/22', '11/22/22', '11/22/22', '11/17/22', '11/15/22', '11/14/22', '11/14/22', '11/14/22', '11/14/22', '11/14/22', '11/12/22', '11/12/22', '11/11/22', '11/9/22', '11/9/22', '11/8/22', '11/8/22', '11/8/22', '11/8/22', '11/8/22', '11/7/22', '11/7/22', '11/7/22', '11/7/22', '11/6/22', '11/6/22', '11/6/22', '11/6/22', '11/6/22', '11/5/22', '11/5/22', '11/4/22', '11/4/22', '11/4/22', '11/4/22', '11/4/22', '11/4/22', '11/3/22', '11/2/22', '11/2/22', '11/2/22', '11/2/22', '11/2/22', '11/2/22', '11/2/22', '11/2/22', '11/2/22', '11/2/22', '11/1/22', '11/1/22', '11/1/22', '11/1/22', '11/1/22', '10/31/22', '10/31/22']",45783.0,2012-04-08
Trailer Park Boys,series,71,['Comedy'],31.217,"['John Paul Tremblay', 'Robb Wells', 'John Dunsworth', 'Patrick Roach', 'Sarah Dunsworth', 'Tyrone Parsons', 'Mike Smith']",,"['12/30/22', '7/27/22', '7/27/22', '10/28/21', '10/28/21', '5/24/21', '3/18/21', '2/6/21', '1/3/21', '1/2/21', '12/23/20', '12/23/20', '12/23/20', '12/23/20', '12/23/20', '11/2/20', '11/2/20', '10/21/20', '10/20/20', '10/20/20', '10/18/20', '10/16/20', '10/16/20', '10/16/20', '10/14/20', '10/13/20', '10/13/20', '10/13/20', '10/13/20', '10/10/20', '10/7/20', '10/7/20', '10/6/20', '10/6/20', '10/5/20', '10/5/20', '10/5/20', '10/4/20', '10/4/20', '10/3/20', '9/27/20', '9/27/20', '9/26/20', '9/26/20', '9/26/20', '9/25/20', '9/23/20', '9/21/20', '9/21/20', '9/20/20', '9/19/20', '9/13/20', '9/8/20', '9/8/20', '9/8/20', '9/7/20', '9/4/20', '9/3/20', '9/2/20', '9/2/20', '9/2/20', '9/1/20', '9/1/20', '8/31/20', '8/30/20', '8/30/20', '8/29/20', '8/28/20', '8/28/20', '8/28/20', '8/27/20']",3796.0,2001-04-22
Inside Job,series,15,"['Comedy', 'Animation']",53.615,"['Lizzy Caplan', 'Clark Duke', 'Christian Slater', 'Brett Gelman', 'John DiMaggio', 'Tisha Campbell-Martin', 'Bobby Lee', 'Andrew Daly', 'Chris Diamantopoulos']",,"['12/30/22', '12/16/22', '12/15/22', '12/15/22', '12/14/22', '12/14/22', '12/13/22', '11/22/22', '9/21/22', '3/4/22', '3/4/22', '3/3/22', '3/3/22', '3/3/22', '2/24/22']",97727.0,2021-10-22
Paradise PD,series,40,"['Comedy', 'Animation']",29.872,"['Kyle Kinane', 'Cedric Yarbrough', 'David Herman', 'Tom Kenny', 'Sarah Chalke', 'Dana Snyder']",,"['12/29/22', '12/29/22', '12/29/22', '12/29/22', '12/29/22', '12/29/22', '12/29/22', '12/29/22', '12/29/22', '12/28/22', '12/19/22', '7/10/21', '3/18/21', '3/18/21', '3/17/21', '3/17/21', '3/17/21', '3/16/21', '3/16/21', '3/16/21', '3/15/21', '3/15/21', '3/14/21', '3/14/21', '3/14/21', '3/14/21', '3/21/20', '3/20/20', '3/20/20', '3/18/20', '3/17/20', '3/17/20', '3/17/20', '3/17/20', '3/17/20', '3/16/20', '3/16/20', '3/16/20', '3/13/20', '3/13/20']",81983.0,2018-08-31
The IT Crowd,series,1,['Comedy'],36.171,"[""Chris O'Dowd"", 'Richard Ayoade', 'Katherine Parkinson', 'Chris Morris', 'Matt Berry']",,['12/29/22'],2490.0,2006-02-03
Wednesday,series,6,"['Sci-Fi & Fantasy', 'Mystery', 'Comedy']",502.521,"['Jenna Ortega', 'Emma Myers', 'Joy Sunday', 'Percy Hynes White', 'Hunter Doohan', 'Gwendoline Christie', 'Riki Lindhome', 'Jamie McShane', 'Moosa Mostafa', 'Christina Ricci']",,"['12/24/22', '12/24/22', '12/23/22', '12/23/22', '12/21/22', '12/19/22']",119051.0,2022-11-23
The Mole,series,1,['Reality'],12.321,['Alex Wagner'],,['10/31/22'],210939.0,2022-10-07
High Water,series,6,['Drama'],14.667,"['Agnieszka Żulewska', 'Tomasz Schuchardt', 'Ireneusz Czop', 'Anna Dymna', 'Jerzy Trela', 'Blanka Kot']",,"['10/19/22', '10/19/22', '10/19/22', '10/19/22', '10/18/22', '10/18/22']",130477.0,2022-10-05
DAHMER,series,2,"['Crime', 'Drama']",104.082,"['Evan Peters', 'Richard Jenkins', 'Molly Ringwald', 'Michael Learned', 'Niecy Nash']",,"['10/10/22', '10/10/22']",113988.0,2022-09-21
Demon Slayer,series,26,"['Animation', 'Action & Adventure', 'Sci-Fi & Fantasy']",467.517,"['Natsuki Hanae', 'Akari Kito', 'Kengo Kawanishi', 'Kana Hanazawa', 'Nobuhiko Okamoto', 'Toshio Furukawa', 'Kohsuke Toriumi']",,"['10/10/22', '9/5/22', '9/5/22', '9/5/22', '9/5/22', '9/5/22', '8/30/22', '8/25/22', '8/25/22', '8/25/22', '8/23/22', '8/21/22', '8/20/22', '8/20/22', '8/20/22', '8/19/22', '8/15/22', '8/15/22', '8/15/22', '8/15/22', '8/15/22', '8/14/22', '8/14/22', '8/13/22', '8/13/22', '8/11/22']",85937.0,2019-04-06
The Sandman,series,1,"['Sci-Fi & Fantasy', 'Drama']",143.564,"['Tom Sturridge', 'Boyd Holbrook', 'Vivienne Acheampong', 'Patton Oswalt']",,['9/25/22'],90802.0,2022-08-05
Sense8,series,1,"['Sci-Fi & Fantasy', 'Drama']",37.909,"['Miguel Ángel Silvestre', 'Max Riemelt', 'Jamie Clayton', 'Bae Doona', 'Brian J. Smith', 'Tuppence Middleton', 'Tina Desai', 'Freema Agyeman', 'Naveen Andrews', 'Toby Onwumere']",,['9/22/22'],61664.0,2015-06-05
Brooklyn Nine-Nine,series,1,"['Comedy', 'Crime']",100.535,"['Andy Samberg', 'Melissa Fumero', 'Terry Crews', 'Joe Lo Truglio', 'Stephanie Beatriz', 'Andre Braugher', 'Dirk Blocker', 'Joel McKinnon Miller']",,['9/22/22'],48891.0,2013-09-17
iZombie,series,1,"['Drama', 'Crime', 'Sci-Fi & Fantasy']",75.486,"['Rose McIver', 'David Anders', 'Robert Buckley', 'Malcolm Goodwin', 'Rahul Kohli', 'Aly Michalka', 'Bryce Hodgson']",,['9/22/22'],60866.0,2015-03-17
The OA,series,16,"['Sci-Fi & Fantasy', 'Mystery', 'Drama']",25.467,"['Brit Marling', 'Jason Isaacs', 'Emory Cohen', 'Kingsley Ben-Adir', 'Phyllis Smith', 'Patrick Gibson', 'Brendan Meyer', 'Brandon Perea', 'Ian Alexander', 'Will Brill']",,"['9/21/22', '9/21/22', '4/6/22', '4/6/22', '4/5/22', '4/4/22', '3/29/22', '3/28/22', '3/28/22', '3/28/22', '3/28/22', '3/27/22', '3/25/22', '3/25/22', '3/24/22', '3/22/22']",69061.0,2016-12-16
Lucifer,series,92,"['Crime', 'Sci-Fi & Fantasy']",437.413,"['Tom Ellis', 'Lauren German', 'Kevin Alejandro', 'D.B. Woodside', 'Lesley-Ann Brandt', 'Aimee Garcia', 'Rachael Harris', 'Brianna Hildebrand']",,"['9/21/22', '9/13/21', '9/13/21', '9/11/21', '9/11/21', '9/11/21', '9/11/21', '9/10/21', '9/10/21', '9/10/21', '9/10/21', '9/10/21', '7/10/21', '7/10/21', '6/3/21', '6/3/21', '6/3/21', '6/3/21', '5/29/21', '5/28/21', '5/28/21', '5/24/21', '5/24/21', '5/24/21', '5/23/21', '5/23/21', '5/14/21', '5/5/21', '5/4/21', '5/3/21', '5/3/21', '5/1/21', '4/29/21', '4/29/21', '4/28/21', '4/28/21', '4/28/21', '4/28/21', '4/27/21', '4/27/21', '4/27/21', '4/27/21', '4/26/21', '4/26/21', '4/26/21', '4/26/21', '4/25/21', '4/25/21', '4/24/21', '4/24/21', '4/23/21', '4/22/21', '4/22/21', '4/22/21', '4/20/21', '4/20/21', '4/19/21', '4/19/21', '4/17/21', '4/17/21', '4/16/21', '4/15/21', '4/15/21', '4/14/21', '4/14/21', '4/14/21', '4/13/21', '4/13/21', '4/13/21', '4/12/21', '4/12/21', '4/12/21', '4/12/21', '4/11/21', '4/11/21', '4/11/21', '4/10/21', '4/10/21', '4/8/21', '4/7/21', '4/7/21', '4/7/21', '4/7/21', '4/6/21', '4/6/21', '4/6/21', '4/5/21', '4/5/21', '4/5/21', '4/4/21', '4/4/21', '4/3/21']",63174.0,2016-01-25
Cobra Kai,series,50,"['Action & Adventure', 'Drama', 'Comedy']",139.903,"['Ralph Macchio', 'William Zabka', 'Courtney Henggeler', 'Xolo Mariduena', 'Tanner Buchanan', 'Mary Mouser', 'Jacob Bertrand', 'Peyton List', 'Vanessa Rubio', 'Thomas Ian Griffith']",,"['9/21/22', '9/21/22', '9/20/22', '9/20/22', '9/20/22', '9/19/22', '9/15/22', '9/15/22', '9/13/22', '9/13/22', '9/10/22', '9/10/22', '9/9/22', '7/2/22', '6/3/22', '6/3/22', '6/3/22', '6/3/22', '6/2/22', '6/2/22', '6/2/22', '6/2/22', '6/1/22', '6/1/22', '6/1/22', '5/31/22', '5/31/22', '5/31/22', '5/31/22', '5/30/22', '5/30/22', '5/30/22', '5/30/22', '5/30/22', '5/30/22', '5/30/22', '5/30/22', '5/29/22', '5/29/22', '5/29/22', '5/29/22', '5/28/22', '5/28/22', '5/28/22', '5/28/22', '5/28/22', '5/28/22', '5/28/22', '5/27/22', '5/27/22']",77169.0,2018-05-02
Hunter X Hunter (2011),series,1,"['Action & Adventure', 'Animation', 'Drama']",128.628,"['Megumi Han', 'Mariya Ise', 'Miyuki Sawashiro', 'Keiji Fujiwara', 'Daisuke Namikawa', 'Banjo Ginga', 'Rikiya Koyama', 'Chisa Yokoyama']",,['9/6/22'],46298.0,2011-10-02
JoJo's Bizarre Adventure,series,1,"['Animation', 'Action & Adventure', 'Sci-Fi & Fantasy']",92.04,"['Fairouz Ai', 'Daisuke Ono', 'Mutsumi Tamura', 'Mariya Ise', 'Atsumi Tanezaki', 'Yuuichirou Umehara', 'Daisuke Namikawa']",,['9/4/22'],45790.0,2012-10-06
Jackass,series,1,['Comedy'],13.882,"['Johnny Knoxville', 'Bam Margera', 'Chris Pontius', 'Dave England', 'Steve-O', 'Ehren McGhehey', 'Jason Acuña', 'Ryan Dunn', 'Brandon DiCamillo', 'Preston Lacy']",,['8/18/22'],1795.0,2000-04-12
LEGO Ninjago,series,1,"['Kids', 'Action & Adventure', 'Animation']",19.961,"['Deven Mack', 'Sam Vincent', 'Sabrina Pitre', 'Brian Drummond', 'Vincent Tong', 'Kelly Metzger', 'Michael Adamthwaite', 'Giles Panton', 'Brent Miller', 'Andrew Francis']",,['8/16/22'],212989.0,2023-06-01
The Office (U.S.),series,33,['Comedy'],167.655,"['Rainn Wilson', 'John Krasinski', 'Jenna Fischer', 'Ed Helms']",,"['8/16/22', '1/30/22', '1/26/22', '1/25/22', '1/24/22', '1/24/22', '1/18/22', '1/17/22', '1/15/22', '1/11/22', '1/11/22', '1/11/22', '1/10/22', '1/9/22', '1/9/22', '1/9/22', '1/9/22', '1/9/22', '1/8/22', '12/21/21', '12/21/21', '12/5/21', '12/5/21', '12/5/21', '11/29/21', '11/14/21', '11/13/21', '11/13/21', '11/13/21', '11/12/21', '11/12/21', '11/11/21', '11/11/21']",2316.0,2005-03-24
Shaun the Sheep,series,1,"['Animation', 'Comedy', 'Kids', 'Family']",51.697,['Justin Fletcher'],,['8/16/22'],3902.0,2007-03-05
Avatar,series,61,"['Animation', 'Action & Adventure', 'Comedy']",14.45,"['Zhang Jie', 'Ching Ip', 'Xinzhu Tong', 'Qiao Shiyu', 'Xin Teng', 'Xia Lei', 'Wei Chao', 'Jin Xian', 'Su Shangqing', 'Baomu Zhongyang']",,"['8/15/22', '8/15/22', '7/9/22', '6/18/22', '6/18/22', '6/18/22', '6/17/22', '6/17/22', '6/17/22', '6/17/22', '6/17/22', '6/17/22', '6/17/22', '6/17/22', '6/17/22', '6/17/22', '6/16/22', '6/16/22', '6/16/22', '6/16/22', '6/16/22', '6/16/22', '6/15/22', '6/15/22', '6/14/22', '6/14/22', '6/14/22', '6/14/22', '6/14/22', '6/14/22', '6/13/22', '6/13/22', '6/13/22', '6/12/22', '6/11/22', '6/11/22', '6/11/22', '6/11/22', '6/10/22', '6/9/22', '6/9/22', '6/9/22', '6/9/22', '6/9/22', '6/8/22', '6/7/22', '6/7/22', '6/6/22', '6/6/22', '5/27/22', '5/27/22', '5/26/22', '5/26/22', '5/25/22', '5/25/22', '5/25/22', '5/25/22', '5/25/22', '5/24/22', '5/24/22', '5/24/22']",71194.0,2017-04-07
Stranger Things,series,9,"['Drama', 'Sci-Fi & Fantasy', 'Mystery']",221.433,"['Millie Bobby Brown', 'Winona Ryder', 'David Harbour', 'Finn Wolfhard', 'Gaten Matarazzo', 'Caleb McLaughlin', 'Noah Schnapp', 'Sadie Sink', 'Natalia Dyer', 'Charlie Heaton']",,"['8/15/22', '7/30/19', '7/30/19', '7/30/19', '7/29/19', '7/29/19', '7/28/19', '7/28/19', '7/1/19']",66732.0,2016-07-15
Inazuma Eleven,series,4,"['Animation', 'Sci-Fi & Fantasy']",59.854,[],,"['8/15/22', '8/15/22', '8/15/22', '4/5/20']",42912.0,2008-10-05
Peaky Blinders,series,34,"['Drama', 'Crime']",294.056,"['Cillian Murphy', 'Paul Anderson', 'Sophie Rundle', ""Natasha O'Keeffe""]",,"['8/6/22', '8/6/22', '8/6/22', '8/6/22', '5/14/22', '5/14/22', '5/6/22', '5/1/22', '5/1/22', '5/1/22', '5/1/22', '4/30/22', '4/30/22', '4/24/22', '4/24/22', '4/24/22', '4/24/22', '4/23/22', '4/23/22', '4/23/22', '4/23/22', '4/22/22', '4/22/22', '4/18/22', '4/18/22', '4/18/22', '4/18/22', '4/18/22', '4/17/22', '4/16/22', '4/16/22', '4/16/22', '4/16/22', '4/16/22']",60574.0,2013-09-12
Violet Evergarden,series,1,"['Animation', 'Sci-Fi & Fantasy', 'Drama']",39.444,"['Yui Ishikawa', 'Daisuke Namikawa', 'Aya Endo', 'Haruka Tomatsu', 'Koki Uchiyama', 'Minori Chihara', 'Takehito Koyasu']",,['8/2/22'],75214.0,2018-01-11
The Good Doctor,series,3,['Drama'],354.881,"['Freddie Highmore', 'Fiona Gubelmann', 'Will Yun Lee', 'Christina Chang', 'Paige Spara', 'Bria Samoné Henderson', 'Noah Galvin', 'Hill Harper', 'Richard Schiff']",,"['7/31/22', '7/30/22', '7/29/22']",71712.0,2017-09-25
Ranczo,series,1,['Comedy'],13.343,"['Franciszek Pieczka', 'Bartek Kasprzykowski', 'Ilona Ostrowska', 'Paweł Królikowski', 'Cezary Żak', 'Piotr Pręgowski', 'Marta Lipińska', 'Bogdan Kalus', 'Sylwester Maciejewski', 'Violetta Arlak']",,['7/30/22'],33587.0,2006-03-05
Control Z,series,17,['Drama'],38.889,"['Ana Valeria Becerril', 'Michael Ronda', 'Yankel Stevan', 'Macarena García', 'Fiona Palomo', 'Andrés Baida', 'Patricio Gallardo', 'Xabiani Ponce de León', 'Patricia Maqueo']",,"['7/11/22', '7/11/22', '12/27/21', '12/27/21', '12/27/21', '12/27/21', '12/26/21', '12/26/21', '12/25/21', '12/24/21', '12/24/21', '12/24/21', '12/22/21', '12/22/21', '12/21/21', '12/21/21', '12/21/21']",102903.0,2020-05-22
The Legend of Korra,series,18,"['Action & Adventure', 'Animation', 'Drama', 'Family', 'Sci-Fi & Fantasy']",51.498,"['Janet Varney', 'David Faustino', 'P.J. Byrne', 'Seychelle Gabriel', 'J.K. Simmons', 'Maria Bamford', 'Kiernan Shipka', 'Darcy Rose Byrnes', 'Logan Wells', 'Dee Bradley Baker']",,"['6/30/22', '6/30/22', '6/27/22', '6/21/22', '6/21/22', '6/21/22', '6/20/22', '6/20/22', '6/20/22', '6/20/22', '6/20/22', '6/20/22', '6/20/22', '6/19/22', '6/19/22', '6/19/22', '6/19/22', '6/19/22']",33880.0,2012-04-14
Penguins of Madagascar,series,1,"['Animation', 'Comedy']",56.489,"['Nicole Sullivan', 'Tom McGrath', 'John DiMaggio', 'Danny Jacobs', 'Andy Richter', 'Jeff Bennett', 'James Patrick Stuart']",,['6/7/22'],7869.0,2008-11-28
Russian Doll,series,1,"['Comedy', 'Drama']",19.21,"['Natasha Lyonne', 'Charlie Barnett', 'Greta Lee', 'Chloë Sevigny', 'Elizabeth Ashley']",,['6/6/22'],84977.0,2019-02-01
Skins,series,13,"['Drama', 'Comedy']",63.091,[],,"['5/24/22', '5/19/22', '5/17/22', '5/16/22', '5/13/22', '5/13/22', '5/13/22', '5/12/22', '5/11/22', '5/11/22', '5/9/22', '5/8/22', '5/8/22']",900.0,2007-01-25
How to Get Away With Murder,series,2,"['Crime', 'Drama', 'Mystery']",80.013,"['Viola Davis', 'Billy Brown', 'Jack Falahee', 'Rome Flynn', 'Aja Naomi King', 'Matt McGorry', 'Conrad Ricamora', 'Amirah Vann', 'Charlie Weber', 'Liza Weil']",,"['5/20/22', '5/20/22']",61056.0,2014-09-25
Riverdale,series,1,"['Crime', 'Drama', 'Mystery']",190.837,"['K.J. Apa', 'Lili Reinhart', 'Camila Mendes', 'Cole Sprouse', 'Madelaine Petsch', 'Casey Cott', 'Charles Melton', 'Vanessa Morgan', 'Erinn Westbrook', 'Drew Ray Tanner']",,['5/19/22'],69050.0,2017-01-26
Keeping Up with the Kardashians,series,1,['Reality'],39.228,"['Kris Jenner', 'Kourtney Kardashian', 'Kim Kardashian', 'Khloé Kardashian', 'Kendall Jenner', 'Kylie Jenner', 'Scott Disick', 'Tristan Thompson', 'Corey Gamble']",,['5/8/22'],14814.0,2007-10-14
Greenhouse Academy,series,40,['Drama'],19.57,"['Ariel Mortman', 'Finn Roberts', ""Christopher O'Neal"", 'Dallas Hart', 'Cinthya Carmona', 'Benjamin Papac', 'B.J. Mitchell', 'Parker Stevenson']",,"['5/7/22', '5/7/22', '5/7/22', '5/7/22', '5/6/22', '5/6/22', '5/6/22', '5/5/22', '5/5/22', '5/5/22', '5/5/22', '5/5/22', '5/5/22', '5/4/22', '5/4/22', '5/4/22', '5/4/22', '5/4/22', '5/4/22', '5/4/22', '5/3/22', '5/3/22', '5/3/22', '5/3/22', '5/3/22', '5/3/22', '5/3/22', '5/3/22', '5/2/22', '5/2/22', '5/2/22', '5/2/22', '5/2/22', '5/2/22', '5/2/22', '5/2/22', '5/2/22', '5/2/22', '5/2/22', '5/2/22']",73602.0,2017-09-08
Travelers,series,3,"['Drama', 'Sci-Fi & Fantasy']",47.614,"['Eric McCormack', 'MacKenzie Porter', 'Nesta Cooper', 'Jared Abrahamson', 'Reilly Dolman', 'Patrick Gilmore']",,"['4/24/22', '4/24/22', '4/23/22']",67683.0,2016-10-17
Dirty Lines,series,1,['Drama'],5.011,"['Charlie Dagelet', 'Benja Bruijning', 'Laura Bakker', 'Pip Lieke Lucas', 'Abbey Hoes', 'Joes Brauers', 'Julia Akkermans', 'André Dongelmans', 'Minne Koole', 'Nick Golterman']",,['4/14/22'],105306.0,2022-04-08
Biohackers,series,7,"['Drama', 'Sci-Fi & Fantasy', 'Action & Adventure', 'Mystery']",11.556,"['Luna Wedler', 'Jessica Schwarz', 'Adrian Julius Tillmann', 'Thomas Prenn', 'Jing Xiang', 'Caro Cult', 'Sebastian Jakob Doppelbauer']",,"['4/11/22', '4/11/22', '4/11/22', '4/11/22', '4/9/22', '4/9/22', '4/9/22']",100074.0,2020-08-20
Trinkets,series,2,['Drama'],14.212,"['Brianna Hildebrand', 'Kiana Madeira', 'Quintessa Swindell', 'Kat Cunning', 'Brandon Butler', 'Odiseas Georgiadis', 'Larry Sullivan', 'Linden Ashby', 'Henry Zaga']",,"['4/7/22', '4/7/22']",89852.0,2019-06-14
Brand New Cherry Flavor,series,1,"['Drama', 'Mystery', 'Sci-Fi & Fantasy']",25.653,"['Rosa Salazar', 'Catherine Keener', 'Eric Lange', 'Jeff Ward', 'Manny Jacinto', 'Daniel Doheny', 'Mark Acheson', 'Hannah Levien']",,['3/15/22'],129418.0,2021-08-13
The 100,series,4,"['Sci-Fi & Fantasy', 'Drama', 'Action & Adventure']",170.646,"['Eliza Taylor', 'Tasya Teles', 'Marie Avgeropoulos', 'Bob Morley', 'Chuku Modu', 'JR Bourne', 'Shelby Flannery', 'Shannon Kook', 'Lindsey Morgan', 'Richard Harmon']",,"['3/10/22', '3/10/22', '3/8/22', '3/8/22']",48866.0,2014-03-19
Superstore,series,2,['Comedy'],75.288,"['Ben Feldman', 'Lauren Ash', 'Colton Dunn', 'Nico Santos', 'Nichole Sakura', 'Mark McKinney', 'Kaliko Kauahi']",,"['3/8/22', '2/28/22']",62649.0,2015-11-30
Designated Survivor,series,29,"['Drama', 'War & Politics']",93.017,"['Kiefer Sutherland', 'Maggie Q', 'Kal Penn', 'Adan Canto', 'Italia Ricci', 'Emiliano Díez']",,"['2/21/22', '2/21/22', '2/11/22', '2/6/21', '2/5/21', '2/5/21', '2/4/21', '2/4/21', '2/4/21', '1/31/21', '1/30/21', '1/29/21', '1/29/21', '1/27/21', '1/27/21', '1/26/21', '1/26/21', '1/26/21', '1/26/21', '1/25/21', '1/24/21', '1/20/21', '1/19/21', '1/18/21', '1/18/21', '1/17/21', '1/12/21', '1/12/21', '12/18/20']",67026.0,2016-09-21
Suits,series,57,['Drama'],278.807,"['Gabriel Macht', 'Sarah Rafferty', 'Amanda Schull', 'Rick Hoffman', 'Dulé Hill', 'Katherine Heigl']",,"['2/19/22', '2/19/22', '2/4/22', '2/3/22', '2/3/22', '2/3/22', '2/2/22', '1/31/22', '1/31/22', '1/31/22', '1/31/22', '1/30/22', '1/30/22', '9/2/21', '9/1/21', '9/1/21', '8/31/21', '8/25/21', '8/24/21', '8/24/21', '8/24/21', '8/24/21', '8/24/21', '8/21/21', '8/21/21', '8/21/21', '8/20/21', '8/18/21', '8/18/21', '8/18/21', '8/18/21', '8/17/21', '8/17/21', '8/17/21', '8/16/21', '8/16/21', '8/16/21', '8/16/21', '8/15/21', '8/14/21', '8/13/21', '8/13/21', '8/12/21', '8/12/21', '8/11/21', '8/10/21', '8/10/21', '8/10/21', '8/10/21', '8/10/21', '8/9/21', '8/9/21', '8/7/21', '8/7/21', '8/7/21', '8/6/21', '8/6/21']",37680.0,2011-06-23
Neymar,series,1,['Documentary'],12.079,"['Neymar Jr', 'Lionel Messi', 'Kylian Mbappé', 'Thiago Silva', 'Dani Alves', 'David Beckham']",,['2/11/22'],153519.0,2022-01-25
Raising Dion,series,1,"['Drama', 'Sci-Fi & Fantasy']",35.715,"['Alisha Wainwright', ""Ja'Siah Young"", 'Jason Ritter', 'Sammi Haney']",,['2/3/22'],93392.0,2019-10-04
BoJack Horseman,series,4,"['Animation', 'Comedy', 'Drama']",78.196,"['Will Arnett', 'Aaron Paul', 'Alison Brie', 'Amy Sedaris', 'Paul F. Tompkins']",,"['1/30/22', '1/24/22', '1/24/22', '1/23/22']",61222.0,2014-08-22
Pokémon The Series,series,1,"['Animation', 'Action & Adventure', 'Kids']",74.65,"['Minori Suzuki', 'Megumi Hayashibara', 'Yuka Terasaki', 'Daiki Yamashita', 'Taku Yashiro', 'Ikue Otani', 'Ikkyu Juku', 'Ayane Sakura', 'Kei Shindo', 'Kenta Miyake']",,['1/30/22'],220150.0,2023-04-14
Teen Wolf,series,27,"['Sci-Fi & Fantasy', 'Drama']",157.009,"['Tyler Posey', ""Dylan O'Brien"", 'Holland Roden', 'Shelley Hennig', 'Dylan Sprayberry', 'Linden Ashby', 'Melissa Ponzio', 'JR Bourne']",,"['1/8/22', '1/8/22', '1/7/22', '1/7/22', '1/7/22', '1/7/22', '1/6/22', '1/6/22', '1/6/22', '1/5/22', '1/5/22', '1/5/22', '1/4/22', '1/4/22', '1/3/22', '1/3/22', '1/3/22', '12/30/21', '12/29/21', '12/29/21', '12/28/21', '12/28/21', '12/28/21', '12/27/21', '12/27/21', '12/27/21', '12/27/21']",34524.0,2011-06-05
14 Peaks,film,1,['Documentary'],14.688,"['Nirmal Purja', 'Jimmy Chin', 'Reinhold Messner', 'Klára Kolouchová', 'Conrad Anker']",,['12/5/21'],890825.0,2021-11-12
Vikings,series,16,"['Action & Adventure', 'Drama', 'War & Politics']",283.487,"['Alex Høgh Andersen', 'Jordan Patrick Smith', 'Marco Ilsø', 'Peter Franzén', 'Danila Kozlovsky', 'Georgia Hirst']",,"['11/7/21', '11/7/21', '11/6/21', '11/5/21', '11/4/21', '11/4/21', '11/3/21', '11/3/21', '11/2/21', '10/31/21', '10/31/21', '10/31/21', '10/31/21', '10/31/21', '10/29/21', '10/29/21']",44217.0,2013-03-03
You,series,20,"['Mystery', 'Crime', 'Drama']",106.356,"['Penn Badgley', 'Charlotte Ritchie', 'Tilly Keeper', 'Amy-Leigh Hickman', 'Ed Speleers', 'Lukas Gage']",,"['10/29/21', '10/25/21', '10/25/21', '10/22/21', '10/21/21', '7/10/21', '4/13/20', '4/13/20', '4/13/20', '4/12/20', '4/12/20', '4/12/20', '4/12/20', '4/11/20', '4/10/20', '4/10/20', '4/9/20', '4/9/20', '4/9/20', '4/7/20']",78191.0,2018-09-09
Orphan Black,series,5,"['Drama', 'Sci-Fi & Fantasy']",36.72,"['Tatiana Maslany', 'Jordan Gavaris', 'Josh Vokey', 'Maria Doyle Kennedy', 'Ari Millen', 'Kevin Hanchard', 'Kristian Bruun']",,"['10/21/21', '10/10/21', '10/10/21', '10/9/21', '10/9/21']",56296.0,2013-03-30
Total Drama,series,21,"['Animation', 'Action & Adventure', 'Comedy']",7.566,"['Nicki Burke', 'Stephanie Mills', 'Emilie-Claire Barlow', 'Jeff Geddis', 'Scott McCord', 'Bryn McAuley', 'Terry McGurrin', 'Dan Petronijevic', 'Evany Rosen', 'Lyon Smith']",,"['10/21/21', '10/20/21', '10/20/21', '10/20/21', '10/20/21', '10/18/21', '10/18/21', '10/17/21', '10/16/21', '10/15/21', '10/15/21', '10/15/21', '10/15/21', '10/15/21', '10/14/21', '10/14/21', '10/14/21', '10/14/21', '10/13/21', '10/13/21', '10/13/21']",67082.0,2015-09-07
Extracurricular,series,2,"['Crime', 'Drama']",19.547,"['Kim Dong-hee', 'Park Ju-hyun', 'Jung Da-bin', 'Nam Yoon-su', 'Kim Yeo-jin', 'Choi Min-soo', 'Park Hyeok-kwon', 'Seo Ye-hwa', 'Im Gi-hong']",,"['10/12/21', '10/12/21']",90814.0,2020-04-29
On My Block,series,29,['Comedy'],17.301,"['Sierra Capri', 'Jason Genao', 'Brett Gray', 'Diego Tinoco', 'Jessica Marie Garcia']",,"['10/7/21', '10/7/21', '6/25/20', '6/25/20', '6/25/20', '6/25/20', '6/25/20', '6/25/20', '6/25/20', '6/24/20', '6/24/20', '6/24/20', '6/24/20', '6/23/20', '6/23/20', '6/23/20', '6/23/20', '6/22/20', '6/22/20', '6/22/20', '6/22/20', '6/22/20', '6/22/20', '6/21/20', '6/21/20', '6/21/20', '6/19/20', '4/4/20', '4/4/20']",76747.0,2018-03-16
Mr. Robot,series,6,"['Crime', 'Drama']",82.013,"['Rami Malek', 'Christian Slater', 'Carly Chaikin', 'BD Wong', 'Grace Gummer']",,"['10/5/21', '10/5/21', '10/2/21', '9/28/21', '9/27/21', '9/27/21']",62560.0,2015-06-24
Squid Game,series,9,"['Action & Adventure', 'Mystery', 'Drama']",103.687,"['Lee Jung-jae', 'Park Hae-soo', 'Jung Ho-yeon', 'Wi Ha-jun', 'Oh Young-soo', 'Heo Sung-tae', 'Kim Joo-ryoung', 'Anupam Tripathi', 'Lee You-mi']",,"['9/27/21', '9/27/21', '9/27/21', '9/27/21', '9/26/21', '9/26/21', '9/26/21', '9/24/21', '9/24/21']",93405.0,2021-09-17
Sex Education,series,16,"['Comedy', 'Drama']",153.146,"['Asa Butterfield', 'Gillian Anderson', 'Ncuti Gatwa', 'Emma Mackey', 'Connor Swindells', 'Kedar Williams-Stirling', 'Alistair Petrie', 'Mimi Keene', 'Aimee Lou Wood', 'Chaneil Kular']",,"['9/24/21', '1/28/20', '1/28/20', '1/27/20', '1/27/20', '1/26/20', '1/26/20', '1/25/20', '1/23/20', '1/23/20', '1/22/20', '1/22/20', '1/21/20', '1/21/20', '1/20/20', '1/20/20']",81356.0,2019-01-11
Between,series,1,"['Sci-Fi & Fantasy', 'Drama']",25.825,"['Jennette McCurdy', 'Jesse Carere', 'Ryan Allen', 'Justin Kelly', 'Kyle Mac', 'Samantha Munro', 'Jack Murray']",,['8/14/21'],62433.0,2015-05-21
Always a Witch,series,18,"['Sci-Fi & Fantasy', 'Drama']",16.167,[],,"['8/5/21', '8/5/21', '8/4/21', '8/3/21', '8/2/21', '8/2/21', '8/1/21', '8/1/21', '8/1/21', '7/27/21', '7/27/21', '7/27/21', '7/26/21', '7/25/21', '7/25/21', '7/25/21', '7/24/21', '7/24/21']",85703.0,2019-02-01
Orange Is the New Black,series,16,"['Comedy', 'Drama']",92.294,"['Taylor Schilling', 'Natasha Lyonne', 'Uzo Aduba', 'Danielle Brooks', 'Jackie Cruz', 'Selenis Leyva', 'Taryn Manning', 'Adrienne C. Moore', 'Dascha Polanco', 'Nick Sandow']",,"['7/24/21', '7/7/21', '6/19/21', '6/18/21', '6/17/21', '6/15/21', '6/14/21', '6/13/21', '6/9/21', '6/6/21', '6/6/21', '6/5/21', '6/5/21', '6/5/21', '6/5/21', '6/4/21']",1424.0,2013-07-11
Atypical,series,38,"['Drama', 'Comedy']",37.849,"['Jennifer Jason Leigh', 'Keir Gilchrist', 'Brigette Lundy-Paine', 'Michael Rapaport']",,"['7/23/21', '7/23/21', '7/23/21', '7/23/21', '7/18/21', '7/18/21', '7/18/21', '7/17/21', '7/17/21', '7/16/21', '7/15/21', '7/14/21', '7/14/21', '7/14/21', '7/13/21', '7/12/21', '7/12/21', '7/12/21', '7/12/21', '7/12/21', '7/12/21', '7/12/21', '7/11/21', '7/11/21', '7/11/21', '7/11/21', '7/11/21', '7/11/21', '7/11/21', '7/10/21', '7/10/21', '7/10/21', '7/10/21', '7/10/21', '7/9/21', '7/8/21', '7/8/21', '7/8/21']",71578.0,2017-08-11
The Mire,series,7,"['Drama', 'Crime']",10.681,"['Krzysztof Oleksyn', 'Dawid Ogrodnik', 'Andrzej Seweryn', 'Zofia Wichłacz', 'Ireneusz Czop', 'Magdalena Różczka', 'Łukasz Simlat', 'Michał Pawlik', 'Mikołaj Chroboczek', 'Agnieszka Żulewska']",,"['7/18/21', '7/18/21', '7/18/21', '7/18/21', '7/18/21', '7/17/21', '7/17/21']",81686.0,2018-08-19
Messiah,series,10,['Drama'],14.228,"['Mehdi Dehbi', 'Michelle Monaghan', 'John Ortiz', 'Tomer Sisley', 'Stefania LaVie Owen', 'Sayyid El Alami', 'Wil Traval', 'Jane Adams', 'Fares Landoulsi', 'Melinda Page Hamilton']",,"['7/10/21', '2/28/20', '1/18/20', '1/16/20', '1/15/20', '1/15/20', '1/15/20', '1/12/20', '1/12/20', '1/12/20']",81292.0,2020-01-01
Ozark,series,4,"['Crime', 'Drama']",67.736,"['Jason Bateman', 'Laura Linney', 'Sofia Hublitz', 'Skylar Gaertner', 'Julia Garner', 'Charlie Tahan']",,"['5/27/21', '5/25/21', '5/25/21', '5/24/21']",69740.0,2017-07-21
Sexify,series,8,"['Drama', 'Comedy']",15.972,"['Aleksandra Skraba', 'Sandra Drzymalska', 'Maria Sobocińska']",,"['5/22/21', '5/22/21', '5/22/21', '5/22/21', '5/18/21', '5/18/21', '5/18/21', '5/15/21']",100226.0,2021-04-28
To the Lake,series,8,"['Sci-Fi & Fantasy', 'Drama']",20.696,"['Kirill Käro', 'Viktoriya Isakova', 'Aleksandr Robak', 'Maryana Spivak', 'Yuriy Kuznetsov', 'Viktoriia Klinkova', 'Saveliy Kudryashov', 'Nikita Elenev', 'Askar Ilyasov', 'Yuriy Borisov']",,"['4/18/21', '4/18/21', '4/18/21', '4/18/21', '4/18/21', '4/18/21', '4/18/21', '4/18/21']",95202.0,2019-11-14
Z Nation,series,3,"['Mystery', 'Action & Adventure', 'Drama']",65.042,"['Keith Allan', 'Kellita Smith', 'Anastasia Baranova', 'Nat Zang', 'Russell Hodgkinson', ""Katy O'Brian"", 'Gracie Gillam', 'DJ Qualls', 'Ramona Young', 'Tara Holt']",,"['4/1/21', '4/1/21', '3/31/21']",61345.0,2014-09-12
The Walking Dead,series,59,"['Action & Adventure', 'Drama', 'Sci-Fi & Fantasy']",269.782,"['Norman Reedus', 'Melissa McBride', 'Lauren Cohan', 'Christian Serratos', 'Josh McDermitt', 'Seth Gilliam', 'Ross Marquand', 'Khary Payton', 'Cooper Andrews', 'Callan McAuliffe']",,"['3/31/21', '3/31/21', '3/22/20', '7/24/19', '7/7/19', '7/7/19', '7/6/19', '7/6/19', '7/5/19', '7/5/19', '7/5/19', '7/3/19', '7/3/19', '7/3/19', '7/1/19', '7/1/19', '6/30/19', '6/29/19', '6/29/19', '6/29/19', '6/28/19', '6/28/19', '6/28/19', '6/28/19', '6/27/19', '6/25/19', '6/25/19', '6/25/19', '6/25/19', '6/25/19', '6/21/19', '6/19/19', '6/17/19', '6/17/19', '6/16/19', '6/16/19', '6/16/19', '6/14/19', '6/13/19', '6/12/19', '6/11/19', '6/4/19', '6/3/19', '5/31/19', '5/30/19', '5/30/19', '5/28/19', '5/26/19', '5/24/19', '5/23/19', '5/23/19', '5/21/19', '5/20/19', '5/20/19', '5/19/19', '5/19/19', '5/16/19', '5/16/19', '5/15/19']",1402.0,2010-10-31
El Chapo,series,9,['Drama'],57.115,"['Marco de la O', 'Valentina Acosta', 'Juan Carlos Olivas', 'Humberto Busto', 'Alejandro Aguilar', 'Hernán Romo', 'Tete Espinoza']",,"['3/24/21', '3/19/21', '3/18/21', '3/1/21', '2/28/21', '2/28/21', '2/24/21', '2/23/21', '2/22/21']",71411.0,2017-04-23
The Crown,series,1,['Drama'],102.884,"['Jonathan Pryce', 'Lesley Manville', 'Jonny Lee Miller', 'Dominic West', 'Elizabeth Debicki', 'Olivia Williams', 'Imelda Staunton']",,['2/26/21'],65494.0,2016-11-04
Scream,series,14,"['Mystery', 'Crime', 'Comedy']",59.523,"['Emma Roberts', 'Lea Michele', 'Taylor Lautner', 'Keke Palmer', 'Jamie Lee Curtis', 'Billie Lourd', 'Abigail Breslin', 'John Stamos', 'James Earl', 'Kirstie Alley']",,"['2/15/21', '2/14/21', '2/14/21', '2/13/21', '2/12/21', '2/12/21', '2/11/21', '2/10/21', '2/10/21', '2/9/21', '2/8/21', '2/7/21', '2/7/21', '2/6/21']",62046.0,2015-09-22
Sluzby specjalne,series,1,"['Crime', 'Action & Adventure']",1.548,"['Janusz Chabior', 'Jan Frycz', 'Andrzej Grabowski', 'Wojciech Machnicki', 'Olga Bołądź', 'Agata Kulesza', 'Wojciech Zieliński', 'Kamilla Baar']",,['1/24/21'],62907.0,2015-03-01
Lupin,series,5,"['Crime', 'Drama', 'Mystery']",51.618,['Omar Sy'],,"['1/15/21', '1/15/21', '1/13/21', '1/12/21', '1/12/21']",96677.0,2021-01-08
3%,series,33,[],3.613,"['Agoye Mahendra', 'Indah Nic', 'Daniel Rutters', 'I Gusti Ayu Pramita Dewi', 'Thessa Kaunang', 'Asri Handayani', 'Bopak Castello', 'Daus Separo']",,"['1/12/21', '1/9/21', '1/8/21', '1/8/21', '1/7/21', '1/4/21', '1/3/21', '1/2/21', '1/2/21', '1/2/21', '1/2/21', '1/1/21', '1/1/21', '12/31/20', '12/30/20', '12/30/20', '12/30/20', '12/28/20', '12/28/20', '12/28/20', '12/23/20', '12/23/20', '12/23/20', '12/21/20', '12/20/20', '12/20/20', '12/20/20', '12/20/20', '12/19/20', '12/19/20', '12/19/20', '12/18/20', '12/18/20']",222583.0,2023-03-20
The Queen's Gambit,series,7,['Drama'],55.204,"['Anya Taylor-Joy', 'Chloe Pirrie']",,"['1/5/21', '1/5/21', '1/5/21', '1/5/21', '1/5/21', '1/4/21', '1/4/21']",87739.0,2020-10-23
Barbarians,series,6,['Documentary'],1.712,['Clancy Brown'],,"['1/3/21', '1/3/21', '1/3/21', '1/3/21', '1/3/21', '1/3/21']",14427.0,2004-12-22
Slasher,series,24,"['Mystery', 'Crime', 'Drama']",46.369,['Eric McCormack'],,"['1/3/21', '1/2/21', '1/1/21', '1/1/21', '1/1/21', '1/1/21', '12/31/20', '12/31/20', '2/26/20', '1/29/20', '1/29/20', '1/29/20', '1/29/20', '1/29/20', '1/28/20', '1/28/20', '1/28/20', '12/30/19', '12/30/19', '12/29/19', '12/29/19', '12/28/19', '12/28/19', '12/28/19']",65784.0,2016-03-04
American Pie Presents,film,1,['Comedy'],53.841,"['Madison Pettis', 'Lizze Broadway', 'Piper Curda', 'Natasha Behnam', 'Darren Barnet', 'Zachary Gordon', 'Sara Rue', 'Jeannie Elise Mai', 'Lily Bleu Andrew', 'Stephanie Wong']",,['12/31/20'],660982.0,2020-10-06
We Are the Wave,series,6,['Drama'],6.863,"['Luise Befort', 'Ludwig Simon', 'Michelle Barthel', 'Mohamed Issa', 'Daniel Friedl']",,"['12/18/20', '12/18/20', '8/10/20', '7/26/20', '7/26/20', '7/24/20']",94660.0,2019-11-01
Locked Up,series,59,['Drama'],79.242,"['Najwa Nimri', 'Maggie Civantos', 'Berta Vázquez', 'Alba Flores', 'María Isabel Díaz Lago', 'Ramiro Blas', 'Marta Aledo', 'Laura Baena', 'Itziar Castro', 'Alberto Velasco']",,"['11/26/20', '11/26/20', '11/26/20', '11/25/20', '11/24/20', '11/23/20', '11/22/20', '11/21/20', '11/21/20', '11/20/20', '11/19/20', '11/19/20', '11/19/20', '11/17/20', '11/17/20', '11/17/20', '11/16/20', '11/16/20', '11/15/20', '11/15/20', '11/15/20', '11/14/20', '11/14/20', '11/14/20', '11/13/20', '11/13/20', '11/13/20', '11/13/20', '11/12/20', '11/11/20', '11/11/20', '11/10/20', '11/10/20', '11/10/20', '11/10/20', '11/9/20', '11/9/20', '11/9/20', '11/9/20', '11/9/20', '11/8/20', '11/8/20', '11/8/20', '11/8/20', '11/7/20', '11/7/20', '11/7/20', '11/7/20', '11/7/20', '11/6/20', '11/6/20', '11/6/20', '11/6/20', '11/6/20', '11/6/20', '11/6/20', '11/6/20', '11/5/20', '11/5/20']",62455.0,2015-04-20
The Rain,series,20,"['Sci-Fi & Fantasy', 'Drama']",37.541,"['Alba August', 'Lucas Lynggaard Tønnesen', 'Mikkel Boe Følsgaard', 'Lukas Løkken', 'Sonny Lindberg', 'Johannes Bah Kuhnke', 'Natalie Madueño', 'Clara Rosager', 'Evin Ahmad', 'Rex Leonard']",,"['9/26/20', '8/30/20', '8/23/20', '8/23/20', '8/22/20', '8/22/20', '8/22/20', '8/17/20', '8/17/20', '8/17/20', '8/16/20', '8/16/20', '8/15/20', '8/14/20', '8/13/20', '8/13/20', '8/13/20', '8/11/20', '8/11/20', '8/11/20']",76719.0,2018-05-04
Hoops,series,10,"['Comedy', 'Animation']",6.663,"['Jake Johnson', 'Rob Riggle', 'Natasha Leggero', 'Cleo King', 'Ron Funches', 'A.D. Miles']",,"['8/27/20', '8/27/20', '8/26/20', '8/26/20', '8/25/20', '8/24/20', '8/24/20', '8/24/20', '8/24/20', '8/23/20']",106238.0,2020-08-21
How to Sell Drugs Online (Fast),series,12,"['Comedy', 'Crime', 'Drama']",23.791,"['Maximilian Mundt', 'Danilo Kamperidis', 'Lena Klenke', 'Damian Hardung', 'Leonie Wesselow', 'Roland Riebeling', 'Jolina Amely Trinks']",,"['7/29/20', '7/29/20', '7/29/20', '7/29/20', '7/28/20', '7/28/20', '7/28/20', '7/28/20', '7/28/20', '7/27/20', '7/27/20', '7/26/20']",88236.0,2019-05-31
Minecraft,series,1,"['Action & Adventure', 'Comedy', 'Animation', 'Sci-Fi & Fantasy']",9.853,"['Patton Oswalt', 'Catherine Taber', 'Ashley Johnson', 'Paul Reubens', 'JB Blanc', 'Yuri Lowenthal', 'Fred Tatasciore']",,['7/28/20'],98545.0,2015-10-13
Dark,series,26,"['Drama', 'Sci-Fi & Fantasy', 'Mystery']",99.545,"['Louis Hofmann', 'Karoline Eichhorn']",,"['7/28/20', '7/21/20', '7/21/20', '7/21/20', '7/18/20', '7/18/20', '7/14/20', '7/14/20', '7/9/20', '7/9/20', '7/9/20', '7/8/20', '7/7/20', '7/7/20', '7/5/20', '7/5/20', '7/4/20', '7/4/20', '7/2/20', '7/2/20', '6/29/20', '6/29/20', '6/28/20', '6/26/20', '6/26/20', '6/26/20']",70523.0,2017-12-01
Modern Family,series,1,['Comedy'],152.89,"[""Ed O'Neill"", 'Sofía Vergara', 'Julie Bowen', 'Ty Burrell', 'Jesse Tyler Ferguson', 'Eric Stonestreet', 'Sarah Hyland', 'Ariel Winter', 'Nolan Gould', 'Rico Rodriguez']",,['7/15/20'],1421.0,2009-09-23
The Woods,series,6,"['Drama', 'Mystery']",8.75,"['Grzegorz Damięcki', 'Hubert Miłkowski', 'Agnieszka Grochowska', 'Wiktoria Filus', 'Adam Wietrzyński', 'Jacek Koman', 'Ewa Skibińska', 'Roman Gancarczyk', 'Martyna Byczkowska', 'Krzysztof Zarzecki']",,"['6/21/20', '6/20/20', '6/20/20', '6/19/20', '6/19/20', '6/19/20']",103425.0,2020-06-12
Friends,series,3,"['Comedy', 'Drama']",198.112,"['Jennifer Aniston', 'Courteney Cox', 'Lisa Kudrow', 'Matt LeBlanc', 'Matthew Perry', 'David Schwimmer']",,"['6/21/20', '4/5/20', '12/19/19']",1668.0,1994-09-22
Elite,series,24,"['Crime', 'Mystery', 'Drama']",116.985,"['Manu Ríos', 'Carla Díaz', 'Martina Cariddi', 'Valentina Zenere', 'André Lamoglia', 'Carmen Arrufat', 'Ana Bokesa', 'Alex Pastrana', 'Ander Puig', 'Álvaro de Juana']",,"['6/19/20', '3/15/20', '3/15/20', '3/15/20', '3/14/20', '3/14/20', '3/13/20', '3/13/20', '12/23/19', '12/22/19', '12/22/19', '12/22/19', '12/22/19', '12/22/19', '12/22/19', '12/22/19', '12/22/19', '12/22/19', '12/22/19', '12/21/19', '12/20/19', '12/20/19', '12/20/19', '12/20/19']",76669.0,2018-10-05
13 Reasons Why,series,50,"['Drama', 'Mystery']",57.422,"['Dylan Minnette', 'Grace Saif', 'Christian Navarro', 'Alisha Boe', 'Brandon Flynn', 'Justin Prentice', 'Miles Heizer', 'Ross Butler', 'Devin Druid', 'Timothy Granaderos']",,"['6/19/20', '6/19/20', '6/18/20', '6/18/20', '6/18/20', '6/18/20', '6/18/20', '6/18/20', '6/17/20', '6/17/20', '2/29/20', '2/29/20', '2/29/20', '2/29/20', '2/28/20', '2/28/20', '2/28/20', '2/28/20', '2/27/20', '2/27/20', '2/26/20', '2/24/20', '2/23/20', '2/22/20', '2/21/20', '2/20/20', '2/19/20', '2/17/20', '2/17/20', '2/12/20', '2/11/20', '2/11/20', '2/10/20', '2/9/20', '2/6/20', '2/5/20', '2/4/20', '2/4/20', '2/3/20', '2/3/20', '2/3/20', '2/2/20', '2/2/20', '2/2/20', '2/1/20', '2/1/20', '2/1/20', '1/31/20', '1/31/20', '1/30/20']",66788.0,2017-03-31
The Big Bang Theory,series,4,['Comedy'],106.355,"['Jim Parsons', 'Johnny Galecki', 'Kaley Cuoco', 'Simon Helberg', 'Kunal Nayyar', 'Melissa Rauch', 'Mayim Bialik']",,"['6/19/20', '12/19/19', '12/19/19', '12/19/19']",1418.0,2007-09-24
The Last Dance,series,10,['Documentary'],20.486,"['Michael Jordan', 'Scottie Pippen', 'Dennis Rodman', 'Steve Kerr', 'Phil Jackson']",,"['6/17/20', '6/17/20', '6/17/20', '6/16/20', '6/16/20', '6/15/20', '6/15/20', '6/14/20', '6/13/20', '6/13/20']",79525.0,2020-04-19
Limitless,series,22,"['Sci-Fi & Fantasy', 'Crime', 'Drama', 'Action & Adventure']",29.17,"['Jake McDorman', 'Jennifer Carpenter', 'Desmond Harrington', 'Mary Elizabeth Mastrantonio', 'Bradley Cooper', 'Hill Harper', 'Ron Rifkin', 'Blair Brown', 'Tom Degnan', 'Michael James Shaw']",,"['4/12/20', '3/12/20', '3/12/20', '3/11/20', '3/9/20', '3/7/20', '3/5/20', '3/5/20', '3/4/20', '3/4/20', '3/4/20', '3/4/20', '3/3/20', '3/3/20', '3/2/20', '3/2/20', '3/2/20', '3/2/20', '3/1/20', '3/1/20', '3/1/20', '2/29/20']",62687.0,2015-09-22
Black Mirror,series,1,"['Sci-Fi & Fantasy', 'Drama', 'Mystery']",114.009,[],,['4/5/20'],42009.0,2011-12-04
Money Heist,series,38,"['Crime', 'Drama']",75.11,"['Álvaro Morte', 'Pedro Alonso', 'Úrsula Corberó', 'Itziar Ituño', 'Jaime Lorente', 'Miguel Herrán', 'Esther Acebo', 'Najwa Nimri', 'Rodrigo de la Serna', 'Darko Peric']",,"['4/5/20', '4/5/20', '4/5/20', '4/4/20', '4/4/20', '4/4/20', '4/4/20', '4/3/20', '4/3/20', '4/3/20', '4/3/20', '4/2/20', '4/2/20', '4/2/20', '4/2/20', '4/1/20', '1/11/20', '7/26/19', '7/26/19', '7/26/19', '7/19/19', '7/18/19', '7/12/19', '7/12/19', '7/10/19', '7/10/19', '7/8/19', '7/8/19', '7/7/19', '7/7/19', '7/7/19', '7/6/19', '7/6/19', '7/4/19', '7/4/19', '7/2/19', '7/2/19', '7/1/19']",71446.0,2017-05-02
Travis Scott,film,1,"['Documentary', 'Music']",12.776,"['Travis Scott', 'Stormi Webster', 'Sheck Wes', 'Mike Dean', 'Jimmy Fallon', 'Kevin Parker', 'John Mayer', 'DJ Screw', 'Jacques Webster', 'Bizzy']",,['3/22/20'],625561.0,2019-08-28
Daybreak,series,1,"['Sci-Fi & Fantasy', 'Action & Adventure']",16.812,"['Colin Ford', 'Alyvia Alyn Lind', 'Austin Crute', 'Krysta Rodriguez', 'Gregory Kasyan', 'Sophie Simnett', 'Matthew Broderick', 'Cody Kearsley', 'Jon LeVert', 'Jeanté Godlock']",,['3/22/20'],83478.0,2019-10-24
Breaking Bad,series,3,"['Drama', 'Crime']",255.118,"['Bryan Cranston', 'Aaron Paul', 'Anna Gunn', 'Dean Norris', 'Jonathan Banks', 'Bob Odenkirk', 'Betsy Brandt', 'RJ Mitte']",,"['3/21/20', '3/21/20', '9/2/19']",1396.0,2008-01-20
Exorcist,series,3,"['Animation', 'Comedy', 'Sci-Fi & Fantasy', 'Mystery', 'Drama', 'Action & Adventure']",43.047,"['Jun Fukuyama', 'Keiji Fujiwara', 'Hiroshi Kamiya', 'Akeno Watanabe']",,"['3/21/20', '12/22/19', '12/22/19']",38464.0,2011-04-17
Prison Break,series,1,"['Action & Adventure', 'Crime', 'Drama']",172.087,"['Wentworth Miller', 'Dominic Purcell', 'Sarah Wayne Callies', 'Paul Adelstein', 'Rockmond Dunbar', 'Robert Knepper', 'Amaury Nolasco', 'Inbar Lavi', 'Augustus Prew', 'Mark Feuerstein']",,['12/27/19'],2288.0,2005-08-29
SpongeBob SquarePants,series,1,"['Animation', 'Comedy', 'Family', 'Sci-Fi & Fantasy']",16.304,"['Tom Kenny', 'Bill Fagerbakke', 'Rodger Bumpass', 'Clancy Brown', 'Carolyn Lawrence', 'Mr. Lawrence', 'Mary Jo Catlett']",,['12/21/19'],387.0,1999-05-01
The End of the F***ing World,series,16,"['Comedy', 'Drama', 'Crime']",34.562,"['Alex Lawther', 'Jessica Barden', 'Naomi Ackie', 'Josh Dylan']",,"['12/8/19', '12/8/19', '12/8/19', '12/8/19', '12/8/19', '12/6/19', '12/6/19', '12/6/19', '9/21/19', '9/21/19', '9/21/19', '9/21/19', '9/21/19', '9/20/19', '9/20/19', '9/20/19']",74577.0,2017-10-24
Narcos,series,28,"['Crime', 'Drama']",72.955,"['Pedro Pascal', 'Matias Varela', 'Damián Alcázar', 'Francisco Denis', 'Alberto Ammann', 'Pêpê Rapazote', 'Arturo Castro', 'Michael Stahl-David', 'Matt Whelan', 'Andrea Londo']",,"['12/6/19', '12/6/19', '12/6/19', '12/6/19', '11/15/19', '11/15/19', '11/14/19', '11/10/19', '11/10/19', '11/10/19', '11/7/19', '11/6/19', '11/5/19', '11/4/19', '11/3/19', '11/3/19', '11/3/19', '11/3/19', '11/2/19', '11/2/19', '11/1/19', '11/1/19', '11/1/19', '10/31/19', '10/26/19', '10/26/19', '10/26/19', '10/21/19']",63351.0,2015-08-28
House of Cards,series,34,['Drama'],58.831,"['Kevin Spacey', 'Robin Wright', 'Michael Kelly', 'Constance Zimmer', 'Patricia Clarkson', 'Derek Cecil', 'Boris McGiver', 'Lars Mikkelsen', 'Cody Fern', 'Diane Lane']",,"['11/10/19', '9/20/19', '9/15/19', '9/13/19', '9/12/19', '9/7/19', '9/7/19', '9/7/19', '9/4/19', '8/31/19', '8/29/19', '8/26/19', '8/25/19', '8/25/19', '8/15/19', '8/12/19', '8/10/19', '8/10/19', '8/10/19', '8/9/19', '8/9/19', '8/9/19', '8/7/19', '8/6/19', '8/5/19', '8/4/19', '8/2/19', '8/2/19', '8/2/19', '8/1/19', '8/1/19', '8/1/19', '8/1/19', '8/1/19']",1425.0,2013-02-01
Johnny Test,series,1,"['Animation', 'Comedy']",25.731,"['James Arnold Taylor', 'Maryke Hendrikse', 'Ashleigh Ball', 'Lee Tockar', 'Ian James Corlett', 'Trevor Devall', 'Kathleen Barr', 'Scott McNeil', 'Bill Mondy']",,['9/21/19'],1769.0,2005-09-17
How I Met Your Mother,series,1,['Comedy'],141.117,"['Josh Radnor', 'Neil Patrick Harris', 'Jason Segel', 'Alyson Hannigan', 'Cobie Smulders', 'Cristin Milioti']",,['9/20/19'],1100.0,2005-09-19
Rick and Morty,series,4,"['Animation', 'Comedy', 'Sci-Fi & Fantasy', 'Action & Adventure']",243.03,"['Justin Roiland', 'Chris Parnell', 'Spencer Grammer', 'Sarah Chalke']",,"['9/10/19', '8/16/19', '8/16/19', '8/11/19']",60625.0,2013-12-02
Basketball or Nothing,series,1,['Documentary'],3.027,"['Josiah Tsosie', 'Beau Natay', 'Raul Mendoza', 'Chance Harvey', 'Cooper Burbank']",,['8/17/19'],91794.0,2019-08-02
Beyond Stranger Things,series,1,['Talk'],13.461,['Jim Rash'],,['7/31/19'],74851.0,2017-10-27
Phineas and Ferb,series,4,"['Animation', 'Comedy', 'Family', 'Sci-Fi & Fantasy']",64.02,"['Vincent Martella', 'Thomas Brodie-Sangster', 'Ashley Tisdale', 'Dan Povenmire', 'Dee Bradley Baker', 'Alyson Stoner', 'Bobby Gaylor', 'Maulik Pancholy', 'Caroline Rhea', ""Richard O'Brien""]",,"['7/12/19', '7/3/19', '7/3/19', '7/3/19']",1877.0,2007-08-17
